"Polarity","Adduct.type","Average.Rt.min.","Metabolite.curated","Ontology","Fenton_0h_1","Fenton_0h_2","Fenton_0h_3","Fenton_1min_1","Fenton_1min_2","Fenton_1min_3","Fenton_20min_1","Fenton_20min_2","Fenton_20min_3","Fenton_4h_1","Fenton_4h_2","Fenton_4h_3","Fenton_24h_1","Fenton_24h_2","Fenton_24h_3","Fenton_72h_1","Fenton_72h_2","Fenton_72h_3"
"Pos","[M+NH4]+",23.005,"CE 18:1(d7)","CE",861987,608235,747143,0,0,0,290417,315269,309974,452677,356216,456301,295748,547115,430843,408799,286655,349264
"Neg","[M-H]-",21.84,"CL 18:2_18:2_18:2_18:2(d5)","CL",2716177,1688083,2858845,0,6776,4057,2972087,3097056,336899,5222065,1264273,6265024,1927460,8007992,6724948,6169786,9182766,7059326
"Neg","[M+HCOO]-",12.579,"Cer 18:1(d7);2O/15:0","Cer",49921820,42127127,41125206,3338537,2932705,4207538,14395269,14149590,14385419,11902174,17260729,15565650,8820190,12553438,10621485,10065255,17840674,15151618
"Pos","[M+NH4]+",14.723,"DG 15:0_18:1(d7)","DG",29090406,23001651,26403296,2193742,1318334,1290157,17193634,18117379,17908156,28213924,26377428,25896176,20302196,27314616,21697643,25223753,24875493,19734392
"Neg","[M-H]-",8.197,"FA 18:1(d17)","FA",1879048,1620020,1969843,93066,40576,38837,311751,477711,335267,1275134,1038823,1359746,984446,1641742,856057,1622105,1452777,1459356
"Pos","[M+H]+",3.148,"LPC 18:1(d7)","LPC",85988381,75247362,75270837,343052,19867,6779,562791,767790,697468,22546757,21702722,24505961,24788228,29532430,25165984,26364157,33248442,41362254
"Neg","[M-H]-",3.086,"LPE 18:1(d7)","LPE",11008330,15178491,28200045,49459,0,1679,93097,307429,105768,2443882,1267049,1401745,2615990,3113704,2233531,3372056,2049965,5592494
"Pos","[M+H]+",3.1,"LPE 18:1(d7)","LPE",33320722,30060707,31074355,157769,2655,0,292139,475044,310930,4153110,3540809,4685990,4260333,5571235,4328268,5471774,6159446,10633543
"Neg","[M+HCOO]-",12.946,"PC 15:0_18:1(d7)","PC",17599594,14278817,15968513,367700,160861,241147,5995176,6685635,5884412,7471651,11567115,10814719,6100311,8507218,6794478,7386936,10571501,9335456
"Pos","[M+H]+",12.965,"PC 15:0_18:1(d7)","PC",176760318,150394614,151178345,2757979,1617750,1682887,41992830,45919422,41453546,78615035,72384166,75213111,57588610,78564055,64878864,72575206,72771049,71688785
"Neg","[M-H]-",13.064,"PE 15:0_18:1(d7)","PE",21929341,18029484,20678479,312989,163126,262631,6377983,7108455,5805365,7774686,11259227,12385422,7113987,10669987,7934848,8739853,11380238,11091214
"Pos","[M+H]+",13.067,"PE 15:0_18:1(d7)","PE",43051916,38090908,41333390,686885,473321,502472,13572399,15060036,12675413,24704737,19962695,26937186,20809355,29899784,22719075,27385868,24582452,27137355
"Neg","[M-H]-",12.172,"PG 15:0_18:1(d7)","PG",13110377,12154505,15363033,189632,76030,113091,3425039,4423561,3467622,5698688,7636677,9609665,5094465,7803276,6041514,7172519,8971770,9867041
"Neg","[M-H]-",11.913,"PI 15:0_18:1(d7)","PI",3245981,3038480,3272829,39891,20415,61946,205700,360228,299494,328946,375056,682827,233800,333195,381519,523138,313740,698032
"Neg","[M-H]-",12.261,"PS 15:0_18:1(d7)","PS",5053511,4227217,3691227,722885,386988,573155,636576,970795,953194,589381,413108,695525,256829,408781,466239,411103,440873,480019
"Neg","[M+HCOO]-",12.345,"SM 18:1;2O/18:1(d9)","SM",19821649,16095268,18227789,56119,15171,12130,2146910,3150570,2398792,5117539,8242136,8279686,4586559,6593792,5140936,5162455,7354799,10039729
"Pos","[M+H-H2O]+",11.022,"ST 27:1;O(d7)","ST",427950,300859,356054,4954,5444,0,90860,88591,85155,153753,81179,94893,60821,91787,61229,120524,123897,56863
"Pos","[M+NH4]+",22.756,"TG 15:0_18:1(d7)_15:0","TG",49473270,29978984,42080597,3265665,4441723,4377815,39794398,38798452,36380898,51798192,52960769,54584881,44077805,58205012,45675893,51358138,53791026,49950740
"Neg","[M-H]-",13.064,"PE 15:0_18:1(d7)","EtherPE",21929341,18029484,20678479,312989,163126,262631,6377983,7108455,5805365,7774686,11259227,12385422,7113987,10669987,7934848,8739853,11380238,11091214
"Pos","[M+H]+",13.067,"PE 15:0_18:1(d7)","EtherPE",43051916,38090908,41333390,686885,473321,502472,13572399,15060036,12675413,24704737,19962695,26937186,20809355,29899784,22719075,27385868,24582452,27137355
"Neg","[M-H]-",3.086,"LPE 18:1(d7)","EtherLPE",11008330,15178491,28200045,49459,0,1679,93097,307429,105768,2443882,1267049,1401745,2615990,3113704,2233531,3372056,2049965,5592494
"Pos","[M+H]+",3.1,"LPE 18:1(d7)","EtherLPE",33320722,30060707,31074355,157769,2655,0,292139,475044,310930,4153110,3540809,4685990,4260333,5571235,4328268,5471774,6159446,10633543
"Neg","[M+HCOO]-",12.946,"PC 15:0_18:1(d7)","EtherPC",17599594,14278817,15968513,367700,160861,241147,5995176,6685635,5884412,7471651,11567115,10814719,6100311,8507218,6794478,7386936,10571501,9335456
"Pos","[M+H]+",12.965,"PC 15:0_18:1(d7)","EtherPC",176760318,150394614,151178345,2757979,1617750,1682887,41992830,45919422,41453546,78615035,72384166,75213111,57588610,78564055,64878864,72575206,72771049,71688785
"Pos","[M+H]+",3.148,"LPC 18:1(d7)","EtherLPC",85988381,75247362,75270837,343052,19867,6779,562791,767790,697468,22546757,21702722,24505961,24788228,29532430,25165984,26364157,33248442,41362254
"Neg","[M-H]-",12.172,"PG 15:0_18:1(d7)","EtherPG",13110377,12154505,15363033,189632,76030,113091,3425039,4423561,3467622,5698688,7636677,9609665,5094465,7803276,6041514,7172519,8971770,9867041
"Neg","[M-H]-",11.913,"PI 15:0_18:1(d7)","EtherPI",3245981,3038480,3272829,39891,20415,61946,205700,360228,299494,328946,375056,682827,233800,333195,381519,523138,313740,698032
"Neg","[M-H]-",12.261,"PS 15:0_18:1(d7)","EtherPS",5053511,4227217,3691227,722885,386988,573155,636576,970795,953194,589381,413108,695525,256829,408781,466239,411103,440873,480019
"Neg","[M-H]-",13.064,"PE 15:0_18:1(d7)","OxEtherPE",21929341,18029484,20678479,312989,163126,262631,6377983,7108455,5805365,7774686,11259227,12385422,7113987,10669987,7934848,8739853,11380238,11091214
"Pos","[M+H]+",13.067,"PE 15:0_18:1(d7)","OxEtherPE",43051916,38090908,41333390,686885,473321,502472,13572399,15060036,12675413,24704737,19962695,26937186,20809355,29899784,22719075,27385868,24582452,27137355
"Neg","[M-H]-",3.086,"LPE 18:1(d7)","OxEtherLPE",11008330,15178491,28200045,49459,0,1679,93097,307429,105768,2443882,1267049,1401745,2615990,3113704,2233531,3372056,2049965,5592494
"Pos","[M+H]+",3.1,"LPE 18:1(d7)","OxEtherLPE",33320722,30060707,31074355,157769,2655,0,292139,475044,310930,4153110,3540809,4685990,4260333,5571235,4328268,5471774,6159446,10633543
"Neg","[M+HCOO]-",12.946,"PC 15:0_18:1(d7)","OxEtherPC",17599594,14278817,15968513,367700,160861,241147,5995176,6685635,5884412,7471651,11567115,10814719,6100311,8507218,6794478,7386936,10571501,9335456
"Pos","[M+H]+",12.965,"PC 15:0_18:1(d7)","OxEtherPC",176760318,150394614,151178345,2757979,1617750,1682887,41992830,45919422,41453546,78615035,72384166,75213111,57588610,78564055,64878864,72575206,72771049,71688785
"Pos","[M+H]+",3.148,"LPC 18:1(d7)","OxEtherLPC",85988381,75247362,75270837,343052,19867,6779,562791,767790,697468,22546757,21702722,24505961,24788228,29532430,25165984,26364157,33248442,41362254
"Neg","[M-H]-",12.172,"PG 15:0_18:1(d7)","OxEtherPG",13110377,12154505,15363033,189632,76030,113091,3425039,4423561,3467622,5698688,7636677,9609665,5094465,7803276,6041514,7172519,8971770,9867041
"Neg","[M-H]-",11.913,"PI 15:0_18:1(d7)","OxEtherPI",3245981,3038480,3272829,39891,20415,61946,205700,360228,299494,328946,375056,682827,233800,333195,381519,523138,313740,698032
"Neg","[M-H]-",12.261,"PS 15:0_18:1(d7)","OxEtherPS",5053511,4227217,3691227,722885,386988,573155,636576,970795,953194,589381,413108,695525,256829,408781,466239,411103,440873,480019
"Pos","[M+H]+",3.148,"LPC 18:1(d7)","OxLPC",85988381,75247362,75270837,343052,19867,6779,562791,767790,697468,22546757,21702722,24505961,24788228,29532430,25165984,26364157,33248442,41362254
"Neg","[M-H]-",3.086,"LPE 18:1(d7)","OxLPE",11008330,15178491,28200045,49459,0,1679,93097,307429,105768,2443882,1267049,1401745,2615990,3113704,2233531,3372056,2049965,5592494
"Pos","[M+H]+",3.1,"LPE 18:1(d7)","OxLPE",33320722,30060707,31074355,157769,2655,0,292139,475044,310930,4153110,3540809,4685990,4260333,5571235,4328268,5471774,6159446,10633543
"Neg","[M+HCOO]-",12.946,"PC 15:0_18:1(d7)","OxPC",17599594,14278817,15968513,367700,160861,241147,5995176,6685635,5884412,7471651,11567115,10814719,6100311,8507218,6794478,7386936,10571501,9335456
"Pos","[M+H]+",12.965,"PC 15:0_18:1(d7)","OxPC",176760318,150394614,151178345,2757979,1617750,1682887,41992830,45919422,41453546,78615035,72384166,75213111,57588610,78564055,64878864,72575206,72771049,71688785
"Neg","[M-H]-",13.064,"PE 15:0_18:1(d7)","OxPE",21929341,18029484,20678479,312989,163126,262631,6377983,7108455,5805365,7774686,11259227,12385422,7113987,10669987,7934848,8739853,11380238,11091214
"Pos","[M+H]+",13.067,"PE 15:0_18:1(d7)","OxPE",43051916,38090908,41333390,686885,473321,502472,13572399,15060036,12675413,24704737,19962695,26937186,20809355,29899784,22719075,27385868,24582452,27137355
"Neg","[M-H]-",12.172,"PG 15:0_18:1(d7)","OxPG",13110377,12154505,15363033,189632,76030,113091,3425039,4423561,3467622,5698688,7636677,9609665,5094465,7803276,6041514,7172519,8971770,9867041
"Neg","[M-H]-",11.913,"PI 15:0_18:1(d7)","OxPI",3245981,3038480,3272829,39891,20415,61946,205700,360228,299494,328946,375056,682827,233800,333195,381519,523138,313740,698032
"Neg","[M-H]-",12.261,"PS 15:0_18:1(d7)","OxPS",5053511,4227217,3691227,722885,386988,573155,636576,970795,953194,589381,413108,695525,256829,408781,466239,411103,440873,480019
