"Polarity","Adduct.type","Average.Rt.min.","Average.Mz","Metabolite.curated","Ontology","Alignment.ID"
"Neg","[M-H]-",7.176,255.2327,"FA 16:0","FA",4114
"Neg","[M-H]-",7.733,253.2173,"FA 16:1","FA",4029
"Neg","[M-H]-",8.023,255.23289,"FA 16:0","FA",4116
"Neg","[M-H]-",8.273,281.24854,"FA 18:1","FA",5531
"Neg","[M-H]-",8.96,281.24863,"FA 18:1","FA",5534
"Neg","[M-H]-",9.226,283.26422,"FA 18:0","FA",5616
"Pos","[M+NH4]+",13.322,634.54065,"DG 18:2_18:2","DG",27603
"Pos","[M+NH4]+",13.962,660.55634,"DG 16:0_22:5","DG",29647
"Pos","[M+NH4]+",13.992,558.50922,"DG 14:0_16:0","DG",21835
"Pos","[M+NH4]+",14.032,686.5719,"DG 18:1_22:5","DG",31945
"Pos","[M+NH4]+",14.079,584.52515,"DG 16:0_16:1","DG",23689
"Pos","[M+NH4]+",14.183,610.54053,"DG 16:1_18:1","DG",25721
"Pos","[M+NH4]+",14.391,636.55518,"DG 18:1_18:2","DG",27768
"Pos","[M+NH4]+",14.486,636.55579,"DG 18:1_18:2","DG",27770
"Pos","[M+NH4]+",14.768,598.54077,"DG 16:0_17:1","DG",24764
"Pos","[M+NH4]+",15.263,662.57202,"DG 18:0_20:4","DG",29821
"Pos","[M+NH4]+",15.297,688.58765,"DG 18:0_22:5","DG",32125
"Pos","[M+NH4]+",15.303,586.54077,"DG 16:0_16:0","DG",23818
"Pos","[M+NH4]+",15.354,688.5874,"DG 18:0_22:5","DG",32122
"Pos","[M+NH4]+",15.383,662.5719,"DG 18:0_20:4","DG",29820
"Pos","[M+NH4]+",15.449,612.55621,"DG 16:0_18:1","DG",25882
"Pos","[M+NH4]+",15.558,638.5719,"DG 18:1_18:1","DG",27948
"Pos","[M+NH4]+",15.756,664.58777,"DG 18:1_20:2","DG",30014
"Pos","[M+NH4]+",16.044,664.5874,"DG 18:0_20:3","DG",30011
"Pos","[M+NH4]+",16.174,626.5719,"DG 16:0_19:1","DG",26988
"Pos","[M+NH4]+",16.285,652.58752,"DG 18:1_19:1","DG",29014
"Pos","[M+NH4]+",16.833,614.5719,"DG 16:0_18:0","DG",26055
"Pos","[M+NH4]+",16.969,640.58765,"DG 18:0_18:1","DG",28101
"Pos","[M+NH4]+",17.049,666.60358,"DG 18:1_20:1","DG",30208
"Pos","[M+NH4]+",17.559,666.60327,"DG 18:0_20:2","DG",30207
"Pos","[M+NH4]+",18.444,642.60327,"DG 16:0_20:0","DG",28240
"Pos","[M+NH4]+",18.497,642.60309,"DG 18:0_18:0","DG",28238
"Pos","[M+NH4]+",18.526,668.61902,"DG 18:0_20:1","DG",30373
"Pos","[M+NH4]+",18.647,694.63464,"DG 18:1_22:1","DG",32664
"Pos","[M+NH4]+",19.932,696.65021,"DG 16:0_24:1","DG",32844
"Pos","[M+NH4]+",20.02,722.66583,"DG 18:1_24:1","DG",35198
"Pos","[M+NH4]+",21.075,724.68134,"DG 16:0_26:1","DG",35374
"Pos","[M+NH4]+",21.124,698.66553,"DG 16:0_24:0","DG",33024
"Pos","[M+NH4]+",21.13,750.69714,"DG 18:1_26:1","DG",37831
"Pos","[M+NH4]+",22.073,726.69708,"DG 16:0_26:0","DG",35564
"Pos","[M+NH4]+",9.496,488.39444,"TG 8:0_8:0_8:0","TG",16801
"Pos","[M+NH4]+",9.891,488.3945,"TG 8:0_8:0_8:0","TG",16802
"Pos","[M+NH4]+",10.768,516.42584,"TG 8:0_8:0_10:0","TG",18807
"Pos","[M+NH4]+",21.057,868.73859,"TG 16:1_16:1_20:4","TG",49322
"Pos","[M+NH4]+",21.189,766.69189,"TG 14:0_14:0_16:1","TG",39345
"Pos","[M+NH4]+",21.25,792.70673,"TG 14:0_16:1_16:1","TG",41964
"Pos","[M+NH4]+",21.304,818.72351,"TG 14:0_16:1_18:2","TG",44441
"Pos","[M+NH4]+",21.325,894.75439,"TG 16:1_18:1_20:5","TG",51634
"Pos","[M+NH4]+",21.332,792.70795,"TG 14:0_16:1_16:1","TG",41968
"Pos","[M+NH4]+",21.382,970.78607,"TG 16:0_22:5_22:6","TG",57743
"Pos","[M+NH4]+",21.411,996.80188,"TG 18:1_22:5_22:6","TG",59594
"Pos","[M+NH4]+",21.412,818.72339,"TG 16:1_16:1_16:1","TG",44440
"Pos","[M+NH4]+",21.519,844.7392,"TG 16:0_16:1_18:3","TG",46962
"Pos","[M+NH4]+",21.532,868.73926,"TG 14:0_16:0_22:6","TG",49325
"Pos","[M+NH4]+",21.569,894.75452,"TG 16:0_16:1_22:6","TG",51635
"Pos","[M+NH4]+",21.61,920.77002,"TG 16:1_18:1_22:6","TG",53897
"Pos","[M+NH4]+",21.622,870.75476,"TG 16:0_18:2_18:3","TG",49502
"Pos","[M+NH4]+",21.622,896.77014,"TG 18:2_18:2_18:2","TG",51815
"Pos","[M+NH4]+",21.64,780.70789,"TG 14:0_15:0_16:1","TG",40700
"Pos","[M+NH4]+",21.723,972.80151,"TG 18:1_20:4_22:5","TG",57912
"Pos","[M+NH4]+",21.73,946.78601,"TG 16:0_20:4_22:5","TG",55965
"Pos","[M+NH4]+",21.735,998.81708,"TG 18:1_22:5_22:5","TG",59742
"Pos","[M+NH4]+",21.882,870.7547,"TG 14:0_16:0_22:5","TG",49500
"Pos","[M+NH4]+",21.89,844.73926,"TG 14:0_16:0_20:4","TG",46963
"Pos","[M+NH4]+",21.9,896.77032,"TG 16:0_16:1_22:5","TG",51818
"Pos","[M+NH4]+",21.949,922.78595,"TG 16:1_18:1_22:5","TG",54065
"Pos","[M+NH4]+",21.999,972.80139,"TG 16:0_22:4_22:6","TG",57911
"Pos","[M+NH4]+",22.025,768.70758,"TG 14:0_14:0_16:0","TG",39522
"Pos","[M+NH4]+",22.038,948.80157,"TG 18:1_18:2_22:5","TG",56098
"Pos","[M+NH4]+",22.043,998.81708,"TG 18:1_22:4_22:6","TG",59743
"Pos","[M+NH4]+",22.063,794.72314,"TG 14:0_16:0_16:1","TG",42149
"Pos","[M+NH4]+",22.066,870.75476,"TG 16:0_16:0_20:5","TG",49501
"Pos","[M+NH4]+",22.09,896.7702,"TG 16:0_18:1_20:5","TG",51816
"Pos","[M+NH4]+",22.099,820.73926,"TG 14:0_16:1_18:1","TG",44659
"Pos","[M+NH4]+",22.143,846.75464,"TG 16:1_16:1_18:1","TG",47146
"Pos","[M+NH4]+",22.184,974.81726,"TG 18:1_20:3_22:5","TG",58061
"Pos","[M+NH4]+",22.277,872.77032,"TG 16:1_18:1_18:2","TG",49682
"Pos","[M+NH4]+",22.286,910.78583,"TG 16:0_17:1_22:5","TG",53062
"Pos","[M+NH4]+",22.288,820.73907,"TG 16:0_16:1_16:1","TG",44658
"Pos","[M+NH4]+",22.289,884.77014,"TG 15:0_16:0_22:5","TG",50754
"Pos","[M+NH4]+",22.306,936.80151,"TG 17:1_18:1_22:5","TG",55221
"Pos","[M+NH4]+",22.318,898.78577,"TG 18:1_18:2_18:2","TG",51981
"Pos","[M+NH4]+",22.319,974.81714,"TG 16:0_22:4_22:5","TG",58060
"Pos","[M+NH4]+",22.321,896.77032,"TG 16:0_16:0_22:6","TG",51817
"Pos","[M+NH4]+",22.333,1000.83252,"TG 18:1_22:4_22:5","TG",59889
"Pos","[M+NH4]+",22.345,922.78595,"TG 16:0_18:1_22:6","TG",54064
"Pos","[M+NH4]+",22.369,948.80157,"TG 18:1_18:1_22:6","TG",56097
"Pos","[M+NH4]+",22.395,782.72357,"TG 14:0_15:0_16:0","TG",40894
"Pos","[M+NH4]+",22.437,808.73926,"TG 15:0_16:0_16:1","TG",43551
"Pos","[M+NH4]+",22.471,834.75482,"TG 16:0_16:1_17:1","TG",46067
"Pos","[M+NH4]+",22.512,860.77032,"TG 16:1_17:1_18:1","TG",48519
"Pos","[M+NH4]+",22.617,898.78607,"TG 16:0_18:1_20:4","TG",51982
"Pos","[M+NH4]+",22.624,924.80164,"TG 16:0_18:1_22:5","TG",54226
"Pos","[M+NH4]+",22.64,872.77032,"TG 16:0_16:0_20:4","TG",49681
"Pos","[M+NH4]+",22.641,886.78577,"TG 17:1_18:1_18:2","TG",50920
"Pos","[M+NH4]+",22.645,950.81714,"TG 18:1_18:1_22:5","TG",56272
"Pos","[M+NH4]+",22.758,796.7392,"TG 14:0_16:0_16:0","TG",42346
"Pos","[M+NH4]+",22.765,976.8327,"TG 18:1_20:2_22:5","TG",58210
"Pos","[M+NH4]+",22.783,822.75513,"TG 14:0_16:0_18:1","TG",44841
"Pos","[M+NH4]+",22.817,848.77039,"TG 16:0_16:1_18:1","TG",47352
"Pos","[M+NH4]+",22.855,874.78589,"TG 16:0_18:1_18:2","TG",49851
"Pos","[M+NH4]+",22.882,1002.84827,"TG 18:1_22:4_22:4","TG",60015
"Pos","[M+NH4]+",22.945,900.80164,"TG 18:1_18:1_18:2","TG",52149
"Pos","[M+NH4]+",22.95,938.81702,"TG 17:1_18:1_22:4","TG",55396
"Pos","[M+NH4]+",22.952,912.80157,"TG 16:0_17:0_22:5","TG",53234
"Pos","[M+NH4]+",22.967,964.83289,"TG 18:1_19:1_22:5","TG",57323
"Pos","[M+NH4]+",23.008,924.80121,"TG 16:0_18:0_22:6","TG",54224
"Pos","[M+NH4]+",23.024,950.81708,"TG 18:0_18:1_22:6","TG",56270
"Pos","[M+NH4]+",23.028,976.83301,"TG 18:1_20:1_22:6","TG",58211
"Pos","[M+NH4]+",23.071,810.75494,"TG 15:0_16:0_16:0","TG",43737
"Pos","[M+NH4]+",23.081,926.8172,"TG 16:0_18:1_22:4","TG",54389
"Pos","[M+NH4]+",23.102,836.77032,"TG 15:0_16:0_18:1","TG",46253
"Pos","[M+NH4]+",23.119,862.78601,"TG 16:0_17:1_18:1","TG",48712
"Pos","[M+NH4]+",23.144,888.80151,"TG 17:1_18:1_18:1","TG",51072
"Pos","[M+NH4]+",23.23,926.8172,"TG 16:0_18:0_22:5","TG",54388
"Pos","[M+NH4]+",23.234,952.83282,"TG 18:0_18:1_22:5","TG",56424
"Pos","[M+NH4]+",23.235,914.81653,"TG 18:1_18:1_19:2","TG",53405
"Pos","[M+NH4]+",23.236,978.84851,"TG 18:1_20:1_22:5","TG",58351
"Pos","[M+NH4]+",23.339,914.81702,"TG 16:0_18:1_21:3","TG",53406
"Pos","[M+NH4]+",23.393,824.77051,"TG 16:0_16:0_16:0","TG",45052
"Pos","[M+NH4]+",23.412,850.78625,"TG 16:0_16:0_18:1","TG",47560
"Pos","[M+NH4]+",23.43,876.80176,"TG 16:0_18:1_18:1","TG",50031
"Pos","[M+NH4]+",23.454,902.81714,"TG 18:1_18:1_18:1","TG",52320
"Pos","[M+NH4]+",23.526,928.83276,"TG 18:1_18:1_20:2","TG",54550
"Pos","[M+NH4]+",23.675,838.78638,"TG 16:0_16:0_17:0","TG",46438
"Pos","[M+NH4]+",23.696,864.80182,"TG 16:0_17:0_18:1","TG",48918
"Pos","[M+NH4]+",23.699,954.84863,"TG 18:0_18:1_22:4","TG",56569
"Pos","[M+NH4]+",23.708,890.81744,"TG 16:0_18:1_19:1","TG",51252
"Pos","[M+NH4]+",23.723,916.83282,"TG 18:1_18:1_19:1","TG",53557
"Pos","[M+NH4]+",23.736,980.86426,"TG 18:1_20:1_22:4","TG",58483
"Pos","[M+NH4]+",23.779,1006.87994,"TG 18:1_22:1_22:5","TG",60273
"Pos","[M+NH4]+",23.824,942.84869,"TG 16:0_20:2_21:2","TG",55693
"Pos","[M+NH4]+",23.959,852.80188,"TG 16:0_16:0_18:0","TG",47764
"Pos","[M+NH4]+",23.971,878.81744,"TG 16:0_18:0_18:1","TG",50217
"Pos","[M+NH4]+",23.982,904.83295,"TG 16:0_18:1_20:1","TG",52472
"Pos","[M+NH4]+",23.988,930.84839,"TG 18:1_18:1_20:1","TG",54707
"Pos","[M+NH4]+",24.063,956.86407,"TG 18:1_20:1_20:2","TG",56719
"Pos","[M+NH4]+",24.144,982.87958,"TG 18:1_20:1_22:3","TG",58644
"Pos","[M+NH4]+",24.203,892.83276,"TG 16:0_18:0_19:1","TG",51454
"Pos","[M+NH4]+",24.209,1008.89557,"TG 18:1_22:1_22:4","TG",60400
"Pos","[M+NH4]+",24.213,918.84875,"TG 18:0_18:1_19:1","TG",53739
"Pos","[M+NH4]+",24.226,944.86438,"TG 18:1_19:1_20:1","TG",55844
"Pos","[M+NH4]+",24.442,880.83319,"TG 16:0_18:0_18:0","TG",50410
"Pos","[M+NH4]+",24.451,906.84875,"TG 16:0_18:0_20:1","TG",52670
"Pos","[M+NH4]+",24.454,932.86426,"TG 18:0_18:1_20:1","TG",54870
"Pos","[M+NH4]+",24.463,958.87994,"TG 18:1_20:1_20:1","TG",56858
"Pos","[M+NH4]+",24.493,984.89545,"TG 18:1_18:1_24:2","TG",58789
"Pos","[M+NH4]+",24.577,1010.91125,"TG 18:1_24:1_20:3","TG",60541
"Pos","[M+NH4]+",24.662,972.89557,"TG 17:1_18:1_24:1","TG",57923
"Pos","[M+NH4]+",24.854,908.8642,"TG 16:0_18:0_20:0","TG",52878
"Pos","[M+NH4]+",24.854,934.87982,"TG 16:0_18:0_22:1","TG",55038
"Pos","[M+NH4]+",24.855,960.89563,"TG 16:0_18:1_24:1","TG",57017
"Pos","[M+NH4]+",24.855,986.91107,"TG 18:1_18:1_24:1","TG",58938
"Pos","[M+NH4]+",24.871,1012.92651,"TG 18:1_18:1_26:2","TG",60683
"Pos","[M+NH4]+",25.026,1000.92688,"TG 18:1_18:1_25:1","TG",59897
"Pos","[M+NH4]+",25.031,974.91132,"TG 16:0_18:1_25:1","TG",58070
"Pos","[M+NH4]+",25.044,922.87964,"TG 16:0_16:0_23:0","TG",54082
"Pos","[M+NH4]+",25.191,1014.94232,"TG 18:1_18:1_26:1","TG",60800
"Pos","[M+NH4]+",25.199,988.92682,"TG 16:0_18:1_26:1","TG",59077
"Pos","[M+NH4]+",25.21,936.89551,"TG 16:0_16:0_24:0","TG",55236
"Pos","[M+NH4]+",25.213,962.91125,"TG 16:0_24:0_18:1","TG",57172
"Pos","[M+NH4]+",25.346,1002.94238,"TG 16:0_19:1_26:1","TG",60019
"Pos","[M+NH4]+",25.353,950.91101,"TG 16:0_16:0_25:0","TG",56279
"Pos","[M+NH4]+",25.36,976.92688,"TG 16:0_25:0_18:1","TG",58218
"Pos","[M+NH4]+",25.475,1042.974,"TG 18:1_20:1_26:1","TG",62440
"Pos","[M+NH4]+",25.484,1016.95813,"TG 16:0_20:1_26:1","TG",60911
"Pos","[M+NH4]+",25.498,964.92688,"TG 16:0_18:0_24:0","TG",57329
"Pos","[M+NH4]+",25.498,990.9425,"TG 16:0_26:0_18:1","TG",59220
"Pos","[M+NH4]+",25.726,1071.00513,"TG 18:1_18:1_30:1","TG",63734
"Pos","[M+NH4]+",25.729,1044.98926,"TG 16:0_18:1_30:1","TG",62547
"Pos","[M+NH4]+",25.737,1018.97375,"TG 18:0_26:0_18:1","TG",61047
"Pos","[M+NH4]+",25.741,992.95819,"TG 16:0_18:0_26:0","TG",59366
"Pos","[M+NH4]+",25.939,1099.03638,"TG 18:1_18:1_32:1","TG",64763
"Pos","[M+NH4]+",25.948,1073.02051,"TG 16:0_18:1_32:1","TG",63819
"Pos","[M+NH4]+",25.954,1047.00464,"TG 16:0_16:0_32:1","TG",62620
"Neg","[M-H]-",9.839,865.50195,"PG 22:6_22:6","PG",42428
"Neg","[M-H]-",10,791.48663,"PG 16:1_22:6","PG",38083
"Neg","[M-H]-",10.066,867.51764,"PG 22:5_22:6","PG",42534
"Neg","[M-H]-",10.115,791.48639,"PG 16:1_22:6","PG",38082
"Neg","[M-H]-",10.152,867.5174,"PG 22:5_22:6","PG",42533
"Neg","[M-H]-",10.314,717.47107,"PG 16:1_16:1","PG",33548
"Neg","[M-H]-",10.72,793.5022,"PG 16:0_22:6","PG",38188
"Neg","[M-H]-",10.825,819.51764,"PG 18:1_22:6","PG",39774
"Neg","[M-H]-",10.848,793.50226,"PG 16:0_22:6","PG",38189
"Neg","[M-H]-",10.98,819.51788,"PG 18:1_22:6","PG",39775
"Neg","[M-H]-",11.034,719.48688,"PG 16:0_16:1","PG",33660
"Neg","[M-H]-",11.055,795.51764,"PG 18:1_20:4","PG",38305
"Neg","[M-H]-",11.072,745.50214,"PG 16:1_18:1","PG",35261
"Neg","[M-H]-",11.096,821.53369,"PG 18:1_22:5","PG",39894
"Neg","[M-H]-",11.161,719.48669,"PG 16:0_16:1","PG",33658
"Neg","[M-H]-",11.194,795.51807,"PG 18:1_20:4","PG",38306
"Neg","[M-H]-",11.204,745.50354,"PG 16:1_18:1","PG",35263
"Neg","[M-H]-",11.237,821.53394,"PG 18:1_22:5","PG",39896
"Neg","[M-H]-",11.352,771.5177,"PG 18:1_18:2","PG",36869
"Neg","[M-H]-",11.46,771.5177,"PG 18:1_18:2","PG",36868
"Neg","[M-H]-",11.559,693.47107,"PG 14:0_16:0","PG",32007
"Neg","[M-H]-",11.654,769.50195,"PG 16:0_20:4","PG",36750
"Neg","[M-H]-",11.658,719.48657,"PG 16:0_16:1","PG",33656
"Neg","[M-H]-",11.749,745.50214,"PG 16:1_18:1","PG",35262
"Neg","[M-H]-",11.857,721.50232,"PG 16:0_16:0","PG",33779
"Neg","[M-H]-",11.95,721.50189,"PG 16:0_16:0","PG",33778
"Neg","[M-H]-",11.959,747.51788,"PG 16:0_18:1","PG",35391
"Neg","[M-H]-",11.973,823.54956,"PG 18:1_22:4","PG",40019
"Neg","[M-H]-",12.067,773.5332,"PG 18:1_18:1","PG",36978
"Neg","[M-H]-",12.196,747.52039,"PG 16:0_18:1","PG",35392
"Neg","[M-H]-",12.217,773.5332,"PG 18:1_18:1","PG",36979
"Neg","[M-H]-",12.649,721.50189,"PG 16:0_16:0","PG",33777
"Neg","[M-H]-",12.718,747.5177,"PG 16:0_18:1","PG",35390
"Neg","[M-H]-",12.802,773.53339,"PG 18:1_18:1","PG",36980
"Neg","[M-H]-",13.11,801.56464,"PG 18:1_20:1","PG",38671
"Neg","[M-H]-",13.213,761.53192,"PG 16:0_19:1","PG",36217
"Neg","[M-H]-",13.263,775.54913,"PG 18:0_18:1","PG",37120
"Neg","[M-H]-",13.287,801.56519,"PG 18:1_20:1","PG",38672
"Neg","[M-H]-",13.358,801.56543,"PG 18:1_20:1","PG",38674
"Neg","[M-H]-",13.852,775.54761,"PG 18:0_18:1","PG",37117
"Neg","[M-H]-",14.494,803.58038,"PG 18:0_20:1","PG",38810
"Neg","[M-H]-",10.728,855.50183,"PI 16:0_20:5","PI",41877
"Neg","[M-H]-",10.822,881.51733,"PI 18:1_20:5","PI",43303
"Neg","[M-H]-",11.127,881.51874,"PI 18:1_20:5","PI",43304
"Neg","[M-H]-",11.205,907.53314,"PI 18:1_22:6","PI",44619
"Neg","[M-H]-",11.408,807.50244,"PI 16:0_16:1","PI",39084
"Neg","[M-H]-",11.429,857.5177,"PI 16:0_20:4","PI",41988
"Neg","[M-H]-",11.505,833.51801,"PI 16:1_18:1","PI",40584
"Neg","[M-H]-",11.518,883.53369,"PI 18:1_20:4","PI",43395
"Neg","[M-H]-",11.518,909.54926,"PI 18:1_22:5","PI",44720
"Neg","[M-H]-",11.635,835.53168,"PI 16:0_18:1","PI",40710
"Neg","[M-H]-",11.719,859.53351,"PI 18:1_18:2","PI",42086
"Neg","[M-H]-",11.895,859.53339,"PI 18:1_18:2","PI",42085
"Neg","[M-H]-",11.947,821.51752,"PI 16:0_17:1","PI",39892
"Neg","[M-H]-",11.953,871.53375,"PI 17:0_20:4","PI",42771
"Neg","[M-H]-",11.981,885.54913,"PI 18:1_20:3","PI",43506
"Neg","[M-H]-",12.013,897.54938,"PI 19:1_20:4","PI",44101
"Neg","[M-H]-",12.04,847.53333,"PI 17:1_18:1","PI",41436
"Neg","[M-H]-",12.145,909.54889,"PI 18:0_22:6","PI",44719
"Neg","[M-H]-",12.162,857.51239,"PI 16:0_20:4","PI",41986
"Neg","[M-H]-",12.229,883.5401,"PI 16:0_22:5","PI",43396
"Neg","[M-H]-",12.284,911.56512,"PI 18:1_22:4","PI",44820
"Neg","[M-H]-",12.386,809.51782,"PI 16:0_16:0","PI",39219
"Neg","[M-H]-",12.487,835.53357,"PI 16:0_18:1","PI",40711
"Neg","[M-H]-",12.496,911.56488,"PI 18:0_22:5","PI",44819
"Neg","[M-H]-",12.511,885.54907,"PI 18:0_20:4","PI",43505
"Neg","[M-H]-",12.591,861.54901,"PI 18:1_18:1","PI",42202
"Neg","[M-H]-",12.774,887.56476,"PI 18:1_20:2","PI",43611
"Neg","[M-H]-",12.942,861.54889,"PI 18:1_18:1","PI",42201
"Neg","[M-H]-",13.019,887.5647,"PI 18:0_20:3","PI",43610
"Neg","[M-H]-",13.076,849.54877,"PI 17:0_18:1","PI",41566
"Neg","[M-H]-",13.158,875.56549,"PI 18:1_19:1","PI",42996
"Neg","[M-H]-",13.344,913.58057,"PI 18:0_22:4","PI",44923
"Neg","[M-H]-",13.42,887.56482,"PI 18:0_20:3","PI",43612
"Neg","[M-H]-",13.548,875.56464,"PI 18:1_19:1","PI",42995
"Neg","[M-H]-",13.565,837.55005,"PI 16:0_18:0","PI",40847
"Neg","[M-H]-",13.701,863.56458,"PI 18:0_18:1","PI",42327
"Neg","[M-H]-",13.781,889.58032,"PI 18:1_20:1","PI",43736
"Neg","[M-H]-",13.851,889.58038,"PI 18:1_20:1","PI",43737
"Neg","[M-H]-",14.03,863.56476,"PI 18:0_18:1","PI",42328
"Neg","[M-H]-",14.037,915.59595,"PI 18:1_22:2","PI",45016
"Neg","[M-H]-",14.18,889.58063,"PI 18:0_20:2","PI",43738
"Neg","[M-H]-",14.329,915.59595,"PI 18:1_22:2","PI",45015
"Neg","[M-H]-",14.835,865.58038,"PI 18:0_18:0","PI",42440
"Neg","[M-H]-",14.904,891.59583,"PI 18:0_20:1","PI",43844
"Neg","[M-H]-",15.229,917.61218,"PI 18:0_22:2","PI",45117
"Neg","[M-H]-",11.223,806.49713,"PS 16:0_22:6","PS",39000
"Neg","[M-H]-",11.299,832.51276,"PS 18:1_22:6","PS",40513
"Neg","[M-H]-",11.546,732.48193,"PS 16:0_16:1","PS",34454
"Neg","[M-H]-",11.546,782.49713,"PS 16:0_20:4","PS",37533
"Neg","[M-H]-",11.605,808.51294,"PS 16:0_22:5","PS",39131
"Neg","[M-H]-",11.629,834.52826,"PS 18:1_22:5","PS",40629
"Neg","[M-H]-",11.662,758.49725,"PS 16:1_18:1","PS",36015
"Neg","[M-H]-",11.841,808.513,"PS 18:0_20:5","PS",39132
"Neg","[M-H]-",11.862,784.51318,"PS 18:1_18:2","PS",37647
"Neg","[M-H]-",11.99,784.51337,"PS 18:1_18:2","PS",37648
"Neg","[M-H]-",12.273,834.52832,"PS 18:0_22:6","PS",40630
"Neg","[M-H]-",12.557,832.51056,"PS 18:1_22:6","PS",40512
"Neg","[M-H]-",12.6,808.52002,"PS 16:0_22:5","PS",39133
"Neg","[M-H]-",12.632,836.54419,"PS 18:0_22:5","PS",40763
"Neg","[M-H]-",12.641,782.49438,"PS 16:0_20:4","PS",37532
"Neg","[M-H]-",12.65,810.5285,"PS 18:0_20:4","PS",39261
"Neg","[M-H]-",12.657,760.51288,"PS 16:0_18:1","PS",36139
"Neg","[M-H]-",12.773,786.52844,"PS 18:1_18:1","PS",37764
"Neg","[M-H]-",12.806,808.51056,"PS 18:0_20:5","PS",39129
"Neg","[M-H]-",12.858,784.52069,"PS 18:1_18:2","PS",37649
"Neg","[M-H]-",13.143,834.5271,"PS 18:0_22:6","PS",40628
"Neg","[M-H]-",13.168,812.54437,"PS 18:0_20:3","PS",39371
"Neg","[M-H]-",13.259,774.52734,"PS 17:0_18:1","PS",37007
"Neg","[M-H]-",13.405,836.54413,"PS 18:0_22:5","PS",40762
"Neg","[M-H]-",13.409,760.5127,"PS 16:0_18:1","PS",36137
"Neg","[M-H]-",13.5,838.55933,"PS 18:0_22:4","PS",40892
"Neg","[M-H]-",13.858,810.52606,"PS 18:0_20:4","PS",39260
"Neg","[M-H]-",13.862,890.58374,"PS 20:1_24:5","PS",43774
"Neg","[M-H]-",13.878,788.54431,"PS 18:0_18:1","PS",37875
"Neg","[M-H]-",13.944,814.56067,"PS 18:1_20:1","PS",39471
"Neg","[M-H]-",14.214,840.57587,"PS 18:1_22:2","PS",41007
"Neg","[M-H]-",14.265,836.54089,"PS 18:0_22:5","PS",40760
"Neg","[M-H]-",14.46,788.54578,"PS 18:0_18:1","PS",37879
"Neg","[M-H]-",14.523,840.57458,"PS 18:0_22:3","PS",41004
"Neg","[M-H]-",14.865,788.54486,"PS 18:0_18:1","PS",37877
"Neg","[M-H]-",15.155,838.55719,"PS 18:0_22:4","PS",40889
"Neg","[M-H]-",15.229,816.57587,"PS 20:0_18:1","PS",39590
"Neg","[M-H]-",15.276,842.59192,"PS 18:1_22:1","PS",41122
"Neg","[M-H]-",15.454,868.60706,"PS 18:1_24:2","PS",42601
"Neg","[M-H]-",16.725,870.6225,"PS 18:1_24:1","PS",42717
"Neg","[M-H]-",16.753,844.60712,"PS 22:0_18:1","PS",41248
"Neg","[M-H]-",18.379,872.63794,"PS 24:0_18:1","PS",42842
"Neg","[M-H]-",10.729,734.47675,"PE 16:1_20:5","PE",34576
"Neg","[M-H]-",11.04,810.50745,"PE 20:4_22:6","PE",39256
"Neg","[M-H]-",11.118,760.49219,"PE 16:1_22:6","PE",36135
"Neg","[M-H]-",11.312,786.5072,"PE 18:2_22:6","PE",37757
"Neg","[M-H]-",11.4,812.52356,"PE 20:4_22:5","PE",39368
"Neg","[M-H]-",11.448,736.49225,"PE 16:1_20:4","PE",34697
"Neg","[M-H]-",11.457,762.50757,"PE 16:1_22:5","PE",36258
"Neg","[M-H]-",11.469,686.47626,"PE 16:1_16:1","PE",31603
"Neg","[M-H]-",11.628,774.50867,"PE 17:1_22:6","PE",37004
"Neg","[M-H]-",11.645,736.49176,"PE 16:0_20:5","PE",34695
"Neg","[M-H]-",11.67,712.492,"PE 16:1_18:2","PE",33210
"Neg","[M-H]-",11.741,762.50757,"PE 18:1_20:5","PE",36257
"Neg","[M-H]-",11.929,738.50763,"PE 18:1_18:3","PE",34825
"Neg","[M-H]-",12.061,736.49225,"PE 16:1_20:4","PE",34696
"Neg","[M-H]-",12.075,762.50769,"PE 16:0_22:6","PE",36259
"Neg","[M-H]-",12.163,788.52307,"PE 18:1_22:6","PE",37870
"Neg","[M-H]-",12.263,738.50818,"PE 16:0_20:4","PE",34827
"Neg","[M-H]-",12.46,738.50757,"PE 16:0_20:4","PE",34824
"Neg","[M-H]-",12.494,688.49182,"PE 16:0_16:1","PE",31699
"Neg","[M-H]-",12.536,790.53882,"PE 18:1_22:5","PE",38006
"Neg","[M-H]-",12.555,764.52313,"PE 18:1_20:4","PE",36401
"Neg","[M-H]-",12.601,714.50757,"PE 16:1_18:1","PE",33346
"Neg","[M-H]-",12.783,764.52344,"PE 18:0_20:5","PE",36403
"Neg","[M-H]-",12.809,740.52344,"PE 18:1_18:2","PE",34952
"Neg","[M-H]-",13.003,740.52362,"PE 18:1_18:2","PE",34953
"Neg","[M-H]-",13.057,752.52197,"PE 17:0_20:4","PE",35684
"Neg","[M-H]-",13.075,778.53882,"PE 17:0_22:5","PE",37303
"Neg","[M-H]-",13.093,766.53827,"PE 18:1_20:3","PE",36547
"Neg","[M-H]-",13.102,702.50775,"PE 16:0_17:1","PE",32596
"Neg","[M-H]-",13.208,728.52338,"PE 17:1_18:1","PE",34193
"Neg","[M-H]-",13.226,764.5271,"PE 18:1_20:4","PE",36407
"Neg","[M-H]-",13.25,790.53876,"PE 18:0_22:6","PE",38005
"Neg","[M-H]-",13.305,816.55402,"PE 20:1_22:6","PE",39586
"Neg","[M-H]-",13.407,740.52301,"PE 18:1_18:2","PE",34951
"Neg","[M-H]-",13.461,766.539,"PE 18:0_20:4","PE",36549
"Neg","[M-H]-",13.62,690.50757,"PE 16:0_16:0","PE",31813
"Neg","[M-H]-",13.67,792.55469,"PE 18:0_22:5","PE",38135
"Neg","[M-H]-",13.693,766.53876,"PE 18:0_20:4","PE",36548
"Neg","[M-H]-",13.732,764.52405,"PE 18:0_20:5","PE",36404
"Neg","[M-H]-",13.737,714.50793,"PE 16:1_18:1","PE",33347
"Neg","[M-H]-",13.739,716.52319,"PE 16:0_18:1","PE",33472
"Neg","[M-H]-",13.837,742.53894,"PE 18:1_18:1","PE",35073
"Neg","[M-H]-",14.075,740.5238,"PE 18:1_18:2","PE",34954
"Neg","[M-H]-",14.194,742.53906,"PE 18:0_18:2","PE",35074
"Neg","[M-H]-",14.276,768.55432,"PE 18:0_20:3","PE",36678
"Neg","[M-H]-",14.307,766.5412,"PE 18:0_20:4","PE",36553
"Neg","[M-H]-",14.341,780.55377,"PE 19:0_20:4","PE",37429
"Neg","[M-H]-",14.456,742.53833,"PE 18:1_18:1","PE",35071
"Neg","[M-H]-",14.637,794.57001,"PE 18:0_22:4","PE",38245
"Neg","[M-H]-",14.732,768.55475,"PE 18:0_20:3","PE",36679
"Neg","[M-H]-",14.959,718.53894,"PE 16:0_18:0","PE",33587
"Neg","[M-H]-",15.055,794.57013,"PE 20:0_20:4","PE",38246
"Neg","[M-H]-",15.068,742.53925,"PE 18:1_18:1","PE",35075
"Neg","[M-H]-",15.076,820.58569,"PE 22:1_20:4","PE",39828
"Neg","[M-H]-",15.09,744.55469,"PE 18:0_18:1","PE",35196
"Neg","[M-H]-",15.149,770.57007,"PE 18:1_20:1","PE",36803
"Neg","[M-H]-",15.445,744.55511,"PE 18:0_18:1","PE",35198
"Neg","[M-H]-",15.612,770.57043,"PE 18:0_20:2","PE",36804
"Neg","[M-H]-",15.665,766.53918,"PE 18:0_20:4","PE",36551
"Neg","[M-H]-",15.778,796.58545,"PE 18:0_22:3","PE",38361
"Neg","[M-H]-",15.786,716.52332,"PE 16:0_18:1","PE",33473
"Neg","[M-H]-",15.809,758.57056,"PE 19:0_18:1","PE",36027
"Neg","[M-H]-",15.869,742.53888,"PE 18:1_18:1","PE",35072
"Neg","[M-H]-",16.577,822.60175,"PE 22:0_20:4","PE",39959
"Neg","[M-H]-",17.248,744.55499,"PE 18:0_18:1","PE",35197
"Neg","[M-H]-",18.233,850.63257,"PE 24:0_20:4","PE",41636
"Neg","[M-H]-",1.129,498.26245,"LPE 20:5","LPE",19509
"Neg","[M-H]-",1.521,498.26257,"LPE 20:5","LPE",19510
"Neg","[M-H]-",1.808,524.27808,"LPE 22:6","LPE",21185
"Neg","[M-H]-",1.818,450.26245,"LPE 16:1","LPE",15885
"Neg","[M-H]-",1.9,500.27808,"LPE 20:4","LPE",19643
"Neg","[M-H]-",1.93,524.27808,"LPE 22:6","LPE",21184
"Neg","[M-H]-",2.055,500.27811,"LPE 20:4","LPE",19644
"Neg","[M-H]-",2.078,526.29407,"LPE 22:5","LPE",21357
"Neg","[M-H]-",2.079,438.26248,"LPE 15:0","LPE",15096
"Neg","[M-H]-",2.123,476.27811,"LPE 18:2","LPE",17730
"Neg","[M-H]-",2.262,526.29364,"LPE 22:5","LPE",21353
"Neg","[M-H]-",2.358,464.27814,"LPE 17:1","LPE",16797
"Neg","[M-H]-",2.404,450.26236,"LPE 16:1","LPE",15884
"Neg","[M-H]-",2.457,452.27817,"LPE 16:0","LPE",15995
"Neg","[M-H]-",2.575,502.29385,"LPE 20:3","LPE",19749
"Neg","[M-H]-",2.686,502.29382,"LPE 20:3","LPE",19747
"Neg","[M-H]-",2.703,526.29419,"LPE 22:5","LPE",21358
"Neg","[M-H]-",2.744,452.27805,"LPE 16:0","LPE",15994
"Neg","[M-H]-",2.81,478.29367,"LPE 18:1","LPE",17891
"Neg","[M-H]-",2.966,502.29382,"LPE 20:3","LPE",19748
"Neg","[M-H]-",3.122,478.29367,"LPE 18:1","LPE",17892
"Neg","[M-H]-",3.176,528.30939,"LPE 22:4","LPE",21512
"Neg","[M-H]-",3.671,466.29385,"LPE 17:0","LPE",16943
"Neg","[M-H]-",3.676,554.3252,"LPE 24:5","LPE",23155
"Neg","[M-H]-",4.428,480.30945,"LPE 18:0","LPE",18076
"Pos","[M+H]+",13.107,674.5119,"PE P-16:0_16:1","EtherPE",30836
"Pos","[M+H]+",15.745,704.55908,"PE P-18:0_16:0","EtherPE",33565
"Pos","[M+H]+",14.418,702.5434,"PE P-16:0_18:1","EtherPE",33361
"Pos","[M+H]+",13.305,700.52802,"PE P-16:0_18:2","EtherPE",33176
"Pos","[M+H]+",15.83,730.57501,"PE P-18:0_18:1","EtherPE",35882
"Pos","[M+H]+",14.487,728.55908,"PE P-18:1_18:1","EtherPE",35711
"Pos","[M+H]+",14.043,726.5434,"PE P-16:0_20:3","EtherPE",35523
"Pos","[M+H]+",13.237,726.54358,"PE P-18:1_18:2","EtherPE",35524
"Pos","[M+H]+",13.029,724.52777,"PE P-16:0_20:4","EtherPE",35334
"Pos","[M+H]+",12.825,724.52777,"PE P-16:0_20:4","EtherPE",35335
"Pos","[M+H]+",12.158,722.51196,"PE P-16:0_20:5","EtherPE",35155
"Pos","[M+H]+",17.345,758.6062,"PE P-18:0_20:1","EtherPE",38552
"Pos","[M+H]+",16.095,756.59052,"PE P-16:0_22:2","EtherPE",38353
"Pos","[M+H]+",15.861,756.59003,"PE P-18:1_20:1","EtherPE",38352
"Pos","[M+H]+",15.063,754.57501,"PE P-16:0_22:3","EtherPE",38173
"Pos","[M+H]+",13.964,752.55939,"PE P-16:0_22:4","EtherPE",37965
"Pos","[M+H]+",14.331,752.55878,"PE P-18:0_20:4","EtherPE",37962
"Pos","[M+H]+",13.026,750.54297,"PE P-16:0_22:5","EtherPE",37797
"Pos","[M+H]+",12.781,750.54333,"PE P-16:0_22:5","EtherPE",37799
"Pos","[M+H]+",13.365,750.54309,"PE P-18:0_20:5","EtherPE",37798
"Pos","[M+H]+",12.597,748.52802,"PE P-16:0_22:6","EtherPE",37617
"Pos","[M+H]+",12.228,748.52783,"PE P-18:1_20:5","EtherPE",37615
"Pos","[M+H]+",13.203,762.54419,"PE P-17:0_22:6","EtherPE",38940
"Pos","[M+H]+",17.637,784.62189,"PE P-18:0_22:2","EtherPE",41075
"Pos","[M+H]+",17.437,784.62189,"PE P-18:1_22:1","EtherPE",41076
"Pos","[M+H]+",15.341,780.59052,"PE P-18:0_22:4","EtherPE",40672
"Pos","[M+H]+",15.784,780.59064,"PE P-20:0_20:4","EtherPE",40673
"Pos","[M+H]+",14.299,778.57452,"PE P-18:0_22:5","EtherPE",40488
"Pos","[M+H]+",14.052,778.57495,"PE P-18:1_22:4","EtherPE",40491
"Pos","[M+H]+",13.846,776.55957,"PE P-18:0_22:6","EtherPE",40266
"Pos","[M+H]+",12.668,774.54352,"PE P-18:1_22:6","EtherPE",40073
"Pos","[M+H]+",15.426,806.60614,"PE P-18:0_24:5","EtherPE",43341
"Neg","[M-H]-",14.314,674.51263,"PE O-16:1_16:0","EtherPE",30847
"Neg","[M-H]-",13.099,672.49713,"PE O-16:1_16:1","EtherPE",30739
"Neg","[M-H]-",14.41,700.52838,"PE O-16:1_18:1","EtherPE",32471
"Neg","[M-H]-",13.175,698.51294,"PE O-18:2_16:1","EtherPE",32347
"Neg","[M-H]-",14.468,730.57379,"PE O-18:0_18:1","EtherPE",34337
"Neg","[M-H]-",15.82,728.55975,"PE O-18:1_18:1","EtherPE",34197
"Neg","[M-H]-",14.952,726.54321,"PE O-16:1_20:2","EtherPE",34082
"Neg","[M-H]-",14.478,726.54407,"PE O-18:2_18:1","EtherPE",34085
"Neg","[M-H]-",13.221,724.52911,"PE O-16:0_20:4","EtherPE",33961
"Neg","[M-H]-",13.603,724.52826,"PE O-16:1_20:3","EtherPE",33958
"Neg","[M-H]-",14.036,724.52838,"PE O-16:1_20:3","EtherPE",33959
"Neg","[M-H]-",13.772,724.52838,"PE O-16:1_20:3","EtherPE",33960
"Neg","[M-H]-",12.821,722.5127,"PE O-16:1_20:4","EtherPE",33828
"Neg","[M-H]-",13.022,722.51276,"PE O-16:1_20:4","EtherPE",33829
"Neg","[M-H]-",12.151,720.49701,"PE O-16:1_20:5","EtherPE",33703
"Neg","[M-H]-",13.657,736.52838,"PE O-17:1_20:4","EtherPE",34702
"Neg","[M-H]-",17.331,756.59125,"PE O-18:1_20:1","EtherPE",35911
"Neg","[M-H]-",14.571,756.58978,"PE O-20:1_18:1","EtherPE",35910
"Neg","[M-H]-",16.087,754.57513,"PE O-16:1_22:2","EtherPE",35792
"Neg","[M-H]-",15.851,754.5752,"PE O-18:2_20:1","EtherPE",35793
"Neg","[M-H]-",15.057,752.55939,"PE O-16:1_22:3","EtherPE",35695
"Neg","[M-H]-",13.955,750.54401,"PE O-16:1_22:4","EtherPE",35573
"Neg","[M-H]-",14.325,750.54419,"PE O-18:1_20:4","EtherPE",35574
"Neg","[M-H]-",13.015,748.52808,"PE O-16:1_22:5","EtherPE",35447
"Neg","[M-H]-",14.979,748.52838,"PE O-16:1_22:5","EtherPE",35448
"Neg","[M-H]-",13.359,748.5285,"PE O-18:1_20:5","EtherPE",35449
"Neg","[M-H]-",12.591,746.51263,"PE O-16:1_22:6","EtherPE",35305
"Neg","[M-H]-",14.507,746.51331,"PE O-16:1_22:6","EtherPE",35307
"Neg","[M-H]-",12.22,746.51312,"PE O-18:2_20:5","EtherPE",35306
"Neg","[M-H]-",13.196,760.52814,"PE O-17:1_22:6","EtherPE",36142
"Neg","[M-H]-",15.331,778.57605,"PE O-18:1_22:4","EtherPE",37319
"Neg","[M-H]-",15.776,778.57587,"PE O-20:1_20:4","EtherPE",37318
"Neg","[M-H]-",14.725,776.55927,"PE O-18:1_22:5","EtherPE",37181
"Neg","[M-H]-",14.292,776.55945,"PE O-18:1_22:5","EtherPE",37182
"Neg","[M-H]-",13.836,774.54401,"PE O-18:1_22:6","EtherPE",37015
"Neg","[M-H]-",13.075,774.54376,"PE O-18:2_22:5","EtherPE",37014
"Neg","[M-H]-",12.66,772.52802,"PE O-18:2_22:6","EtherPE",36907
"Neg","[M-H]-",15.224,802.57635,"PE O-20:1_22:6","EtherPE",38736
"Neg","[M-H]-",21.514,1343.90271,"CL 16:1_16:1_16:1_16:1","CL",61053
"Neg","[M-H]-",21.521,1419.9342,"CL 16:1_18:2_16:1_20:4","CL",62692
"Neg","[M-H]-",21.588,1369.91821,"CL 16:1_16:1_16:1_18:2","CL",61619
"Neg","[M-H]-",21.681,1395.93384,"CL 16:1_18:2_16:1_18:2","CL",62173
"Neg","[M-H]-",21.779,1421.94934,"CL 16:1_18:2_18:2_18:2","CL",62735
"Neg","[M-H]-",22.094,1421.95007,"CL 16:1_18:1_16:1_20:4","CL",62736
"Neg","[M-H]-",22.141,1447.96533,"CL 16:1_18:1_18:2_20:4","CL",63372
"Neg","[M-H]-",22.147,1345.91846,"CL 14:0_16:1_16:1_18:1","CL",61102
"Neg","[M-H]-",22.166,1371.93384,"CL 16:1_16:1_16:1_18:1","CL",61655
"Neg","[M-H]-",22.214,1473.9812,"CL 18:1_18:2_18:2_20:4","CL",64047
"Neg","[M-H]-",22.226,1397.94897,"CL 16:1_18:1_16:1_18:2","CL",62207
"Neg","[M-H]-",22.304,1423.96545,"CL 16:1_18:2_18:1_18:2","CL",62797
"Neg","[M-H]-",22.387,1449.98157,"CL 18:1_18:2_18:2_18:2","CL",63418
"Neg","[M-H]-",22.471,1385.94946,"CL 16:1_17:1_17:1_17:1","CL",61957
"Neg","[M-H]-",22.512,1449.98218,"CL 18:1_18:2_18:2_18:2","CL",63419
"Neg","[M-H]-",22.522,1411.96582,"CL 16:1_18:1_17:1_18:2","CL",62509
"Neg","[M-H]-",22.595,1437.98059,"CL 17:1_18:2_18:1_18:2","CL",63115
"Neg","[M-H]-",22.692,1449.979,"CL 18:1_18:2_18:2_18:2","CL",63417
"Neg","[M-H]-",22.701,1423.95972,"CL 16:1_18:1_18:2_18:2","CL",62795
"Neg","[M-H]-",22.72,1475.99646,"CL 18:1_18:1_18:2_20:4","CL",64097
"Neg","[M-H]-",22.722,1347.93396,"CL 14:0_18:1_16:0_16:1","CL",61146
"Neg","[M-H]-",22.726,1395.93188,"CL 16:1_18:2_16:1_18:2","CL",62172
"Neg","[M-H]-",22.73,1373.94946,"CL 16:0_16:1_16:1_18:1","CL",61702
"Neg","[M-H]-",22.737,1399.96484,"CL 16:1_18:1_16:1_18:1","CL",62244
"Neg","[M-H]-",22.784,1447.96289,"CL 16:1_20:4_18:1_18:2","CL",63371
"Neg","[M-H]-",22.785,1425.98071,"CL 16:1_18:1_18:1_18:2","CL",62845
"Neg","[M-H]-",22.849,1451.99695,"CL 18:1_18:2_18:1_18:2","CL",63478
"Neg","[M-H]-",22.85,1473.97791,"CL 18:1_18:2_18:2_20:4","CL",64045
"Neg","[M-H]-",22.968,1478.01086,"CL 18:1_18:2_18:1_20:3","CL",64153
"Neg","[M-H]-",22.986,1399.96497,"CL 16:1_18:1_16:1_18:1","CL",62245
"Neg","[M-H]-",22.989,1373.94922,"CL 16:0_16:1_16:1_18:1","CL",61701
"Neg","[M-H]-",23.002,1387.96533,"CL 16:0_17:1_16:1_18:1","CL",62002
"Neg","[M-H]-",23.009,1451.99695,"CL 18:1_18:2_18:1_18:2","CL",63477
"Neg","[M-H]-",23.01,1413.98145,"CL 16:1_18:1_17:1_18:1","CL",62561
"Neg","[M-H]-",23.046,1439.99683,"CL 17:1_18:1_18:1_18:2","CL",63175
"Neg","[M-H]-",23.159,1425.97986,"CL 16:1_18:1_18:1_18:2","CL",62844
"Neg","[M-H]-",23.221,1451.98877,"CL 18:1_18:2_18:1_18:2","CL",63474
"Neg","[M-H]-",23.24,1423.96326,"CL 16:1_18:1_18:2_18:2","CL",62796
"Neg","[M-H]-",23.243,1401.98035,"CL 16:0_18:1_16:1_18:1","CL",62296
"Neg","[M-H]-",23.246,1375.96509,"CL 16:0_16:1_16:0_18:1","CL",61750
"Neg","[M-H]-",23.248,1397.94653,"CL 16:1_18:1_16:1_18:2","CL",62206
"Neg","[M-H]-",23.249,1349.94971,"CL 14:0_16:0_16:0_18:1","CL",61180
"Neg","[M-H]-",23.257,1449.97864,"CL 18:1_18:2_18:2_18:2","CL",63416
"Neg","[M-H]-",23.261,1427.9967,"CL 16:1_18:1_18:1_18:1","CL",62890
"Neg","[M-H]-",23.292,1475.99402,"CL 18:1_18:2_18:1_20:4","CL",64095
"Neg","[M-H]-",23.296,1454.01233,"CL 18:1_18:1_18:1_18:2","CL",63532
"Neg","[M-H]-",23.378,1480.02856,"CL 18:1_18:1_18:1_20:3","CL",64204
"Neg","[M-H]-",23.476,1415.99731,"CL 16:0_18:1_17:1_18:1","CL",62606
"Neg","[M-H]-",23.48,1389.9812,"CL 15:0_18:1_16:0_18:1","CL",62045
"Neg","[M-H]-",23.49,1442.01294,"CL 17:1_18:1_18:1_18:1","CL",63228
"Neg","[M-H]-",23.649,1449.98267,"CL 16:1_20:4_18:1_18:1","CL",63420
"Neg","[M-H]-",23.67,1427.99878,"CL 16:0_18:2_18:1_18:1","CL",62893
"Neg","[M-H]-",23.709,1425.98462,"CL 16:1_18:1_18:1_18:2","CL",62846
"Neg","[M-H]-",23.711,1451.99927,"CL 18:1_18:2_18:1_18:2","CL",63479
"Neg","[M-H]-",23.712,1403.99646,"CL 16:0_18:1_16:0_18:1","CL",62336
"Neg","[M-H]-",23.716,1430.01257,"CL 16:0_18:1_18:1_18:1","CL",62943
"Neg","[M-H]-",23.72,1478.01062,"CL 18:1_18:2_18:1_20:3","CL",64152
"Neg","[M-H]-",23.724,1399.96387,"CL 16:1_18:1_16:1_18:1","CL",62243
"Neg","[M-H]-",23.727,1456.02808,"CL 18:1_18:1_18:1_18:1","CL",63586
"Neg","[M-H]-",23.729,1377.98083,"CL 16:0_16:0_16:0_18:1","CL",61787
"Neg","[M-H]-",23.924,1418.01257,"CL 16:0_18:1_17:0_18:1","CL",62654
"Neg","[M-H]-",23.989,1430.01196,"CL 16:0_18:1_18:1_18:1","CL",62941
"Neg","[M-H]-",24.145,1458.04358,"CL 18:0_18:1_18:1_18:1","CL",63641
"Neg","[M-H]-",24.146,1432.02795,"CL 16:0_18:1_18:0_18:1","CL",62989
"Neg","[M-H]-",24.508,1403.99988,"CL 16:0_18:1_16:0_18:1","CL",62339
"Neg","[M-H]-",24.871,1403.99731,"CL 16:0_18:1_16:0_18:1","CL",62338
"Neg","[M-H]-",24.871,1430.01257,"CL 16:0_18:1_18:1_18:1","CL",62942
"Neg","[M-H]-",24.871,1456.02734,"CL 18:1_18:1_18:1_18:1","CL",63585
"Pos","[M+H]+",10.281,676.49133,"PC 12:0_16:1","PC",31006
"Pos","[M+H]+",11.163,678.50684,"PC 14:0_14:0","PC",31191
"Pos","[M+H]+",11.287,704.52246,"PC 14:0_16:1","PC",33553
"Pos","[M+H]+",12.288,706.53815,"PC 14:0_16:0","PC",33724
"Pos","[M+H]+",11.838,718.53839,"PC 15:0_16:1","PC",34790
"Pos","[M+H]+",12.683,720.55389,"PC 15:0_16:0","PC",34980
"Pos","[M+H]+",12.894,720.55383,"PC 15:0_16:0","PC",34979
"Pos","[M+H]+",10.729,728.52264,"PC 14:0_18:3","PC",35704
"Pos","[M+H]+",11.392,730.53821,"PC 16:1_16:1","PC",35869
"Pos","[M+H]+",12.002,730.53833,"PC 16:1_16:1","PC",35871
"Pos","[M+H]+",12.382,732.55383,"PC 16:0_16:1","PC",36063
"Pos","[M+H]+",13.648,732.55463,"PC 16:0_16:1","PC",36073
"Pos","[M+H]+",13.501,734.5697,"PC 16:0_16:0","PC",36259
"Pos","[M+H]+",14.453,734.57111,"PC 16:0_16:0","PC",36269
"Pos","[M+H]+",11.948,744.55389,"PC 16:1_17:1","PC",37228
"Pos","[M+H]+",12.998,746.56976,"PC 16:0_17:1","PC",37430
"Pos","[M+H]+",14.192,748.58527,"PC 16:0_17:0","PC",37643
"Pos","[M+H]+",13.94,748.58545,"PC 16:0_17:0","PC",37645
"Pos","[M+H]+",10.551,752.52277,"PC 14:0_20:5","PC",37948
"Pos","[M+H]+",11.249,754.53839,"PC 14:0_20:4","PC",38158
"Pos","[M+H]+",10.821,754.53845,"PC 16:1_18:3","PC",38159
"Pos","[M+H]+",13.457,756.5517,"PC 16:1_18:2","PC",38334
"Pos","[M+H]+",12.07,756.55408,"PC 16:0_18:3","PC",38338
"Pos","[M+H]+",11.733,756.55414,"PC 16:1_18:2","PC",38339
"Pos","[M+H]+",11.606,756.55402,"PC 16:1_18:2","PC",38337
"Pos","[M+H]+",12.485,758.56934,"PC 16:1_18:1","PC",38535
"Pos","[M+H]+",13.486,758.57129,"PC 16:1_18:1","PC",38544
"Pos","[M+H]+",13.586,760.58533,"PC 16:0_18:1","PC",38747
"Pos","[M+H]+",14.988,760.58649,"PC 16:0_18:1","PC",38762
"Pos","[M+H]+",19.932,760.58533,"PC 16:0_18:1","PC",38746
"Pos","[M+H]+",16.525,760.58582,"PC 16:0_18:1","PC",38759
"Pos","[M+H]+",14.895,762.60095,"PC 16:0_18:0","PC",38958
"Pos","[M+H]+",12.176,770.56952,"PC 17:1_18:2","PC",39684
"Pos","[M+H]+",13.079,772.58508,"PC 17:1_18:1","PC",39888
"Pos","[M+H]+",14.278,774.60095,"PC 16:0_19:1","PC",40098
"Pos","[M+H]+",14.068,774.60114,"PC 17:0_18:1","PC",40099
"Pos","[M+H]+",10.964,778.53851,"PC 14:0_22:6","PC",40471
"Pos","[M+H]+",10.653,778.53845,"PC 16:1_20:5","PC",40470
"Pos","[M+H]+",11.336,780.55396,"PC 16:1_20:4","PC",40653
"Pos","[M+H]+",11.55,780.55396,"PC 16:0_20:5","PC",40654
"Pos","[M+H]+",12.502,780.55115,"PC 16:0_20:5","PC",40648
"Pos","[M+H]+",12.333,782.56958,"PC 16:0_20:4","PC",40860
"Pos","[M+H]+",12.148,782.5697,"PC 16:0_20:4","PC",40862
"Pos","[M+H]+",11.841,782.5697,"PC 18:1_18:3","PC",40861
"Pos","[M+H]+",12.692,784.58521,"PC 18:1_18:2","PC",41066
"Pos","[M+H]+",13.268,784.58551,"PC 18:1_18:2","PC",41068
"Pos","[M+H]+",12.867,784.58533,"PC 18:1_18:2","PC",41067
"Pos","[M+H]+",13.687,786.60065,"PC 18:1_18:1","PC",41251
"Pos","[M+H]+",14.991,786.60193,"PC 18:1_18:1","PC",41265
"Pos","[M+H]+",14.982,788.61646,"PC 18:0_18:1","PC",41485
"Pos","[M+H]+",15.894,788.61707,"PC 18:0_18:1","PC",41491
"Pos","[M+H]+",16.427,790.63257,"PC 16:0_20:0","PC",41726
"Pos","[M+H]+",11.886,794.56976,"PC 17:1_20:4","PC",42109
"Pos","[M+H]+",13.273,798.60071,"PC 18:1_19:2","PC",42522
"Pos","[M+H]+",13.478,798.60022,"PC 18:1_19:2","PC",42521
"Pos","[M+H]+",14.346,800.61646,"PC 18:1_19:1","PC",42725
"Pos","[M+H]+",15.722,802.63226,"PC 19:0_18:1","PC",42920
"Pos","[M+H]+",15.472,802.63232,"PC 19:0_18:1","PC",42921
"Pos","[M+H]+",11.034,804.55408,"PC 16:1_22:6","PC",43123
"Pos","[M+H]+",11.367,806.56976,"PC 16:1_22:5","PC",43330
"Pos","[M+H]+",11.63,806.56958,"PC 18:1_20:5","PC",43328
"Pos","[M+H]+",11.967,806.5697,"PC 16:0_22:6","PC",43329
"Pos","[M+H]+",12.717,806.56714,"PC 16:0_22:6","PC",43325
"Pos","[M+H]+",12.644,808.58521,"PC 18:0_20:5","PC",43520
"Pos","[M+H]+",12.368,808.58508,"PC 16:0_22:5","PC",43519
"Pos","[M+H]+",13.534,810.60083,"PC 18:0_20:4","PC",43702
"Pos","[M+H]+",13.184,810.60095,"PC 16:0_22:4","PC",43703
"Pos","[M+H]+",12.979,810.60101,"PC 18:1_20:3","PC",43704
"Pos","[M+H]+",14.167,812.61658,"PC 18:0_20:3","PC",43877
"Pos","[M+H]+",13.889,812.61633,"PC 18:1_20:2","PC",43876
"Pos","[M+H]+",14.594,812.61688,"PC 18:0_20:3","PC",43878
"Pos","[M+H]+",15.042,814.63177,"PC 18:1_20:1","PC",44066
"Pos","[M+H]+",15.89,814.63226,"PC 18:1_20:1","PC",44067
"Pos","[M+H]+",16.492,816.64801,"PC 18:0_20:1","PC",44232
"Pos","[M+H]+",10.575,828.55408,"PC 20:4_20:5","PC",45407
"Pos","[M+H]+",15.775,828.64789,"PC 18:1_21:1","PC",45430
"Pos","[M+H]+",11.184,830.56964,"PC 18:2_22:6","PC",45629
"Pos","[M+H]+",12.034,832.58514,"PC 18:1_22:6","PC",45831
"Pos","[M+H]+",12.416,834.60083,"PC 18:1_22:5","PC",46038
"Pos","[M+H]+",13.123,834.60089,"PC 18:0_22:6","PC",46039
"Pos","[M+H]+",12.682,834.60046,"PC 18:1_22:5","PC",46037
"Pos","[M+H]+",13.531,836.61646,"PC 18:0_22:5","PC",46234
"Pos","[M+H]+",13.307,836.61658,"PC 18:1_22:4","PC",46235
"Pos","[M+H]+",14.285,838.63208,"PC 20:1_20:3","PC",46414
"Pos","[M+H]+",15.333,840.64777,"PC 18:1_22:2","PC",46601
"Pos","[M+H]+",16.577,842.66321,"PC 18:1_22:1","PC",46770
"Pos","[M+H]+",18.147,844.67926,"PC 16:0_24:1","PC",46953
"Pos","[M+H]+",18.074,844.67896,"PC 16:0_24:1","PC",46951
"Pos","[M+H]+",10.309,852.55402,"PC 20:5_22:6","PC",47712
"Pos","[M+H]+",10.998,854.56964,"PC 20:4_22:6","PC",47904
"Pos","[M+H]+",11.325,856.58533,"PC 20:4_22:5","PC",48103
"Pos","[M+H]+",13.173,860.61658,"PC 20:1_22:6","PC",48487
"Pos","[M+H]+",13.424,862.63232,"PC 18:1_24:5","PC",48691
"Pos","[M+H]+",13.551,862.63214,"PC 20:1_22:5","PC",48690
"Pos","[M+H]+",18.212,870.69489,"PC 18:1_24:1","PC",49494
"Pos","[M+H]+",19.787,872.71051,"PC 24:0_18:1","PC",49670
"Pos","[M+H]+",10.661,878.56958,"PC 22:6_22:6","PC",50178
"Pos","[M+H]+",11.013,880.5849,"PC 22:5_22:6","PC",50356
"Pos","[M+H]+",19.742,898.72614,"PC 18:1_26:1","PC",51971
"Pos","[M+H]+",1.501,468.30838,"LPC 14:0","LPC",15345
"Pos","[M+H]+",1.128,468.30832,"LPC 14:0","LPC",15343
"Pos","[M+H]+",1.648,468.30835,"LPC 14:0","LPC",15344
"Pos","[M+H]+",2.806,496.3396,"LPC 16:0","LPC",17395
"Pos","[M+H]+",2.505,496.33966,"LPC 16:0","LPC",17396
"Pos","[M+H]+",1.858,494.32404,"LPC 16:1","LPC",17241
"Pos","[M+H]+",1.691,494.32404,"LPC 16:1","LPC",17242
"Pos","[M+H]+",3.437,510.35535,"LPC 17:0","LPC",18390
"Pos","[M+H]+",3.778,510.35532,"LPC 17:0","LPC",18389
"Pos","[M+H]+",2.417,508.33969,"LPC 17:1","LPC",18232
"Pos","[M+H]+",4.552,524.37103,"LPC 18:0","LPC",19395
"Pos","[M+H]+",2.853,522.35529,"LPC 18:1","LPC",19245
"Pos","[M+H]+",3.179,522.35516,"LPC 18:1","LPC",19242
"Pos","[M+H]+",2.169,520.33978,"LPC 18:2","LPC",19056
"Pos","[M+H]+",4.26,536.37109,"LPC 19:1","LPC",20231
"Pos","[M+H]+",2.615,546.35541,"LPC 20:3","LPC",20931
"Pos","[M+H]+",1.923,544.33978,"LPC 20:4","LPC",20814
"Pos","[M+H]+",2.09,544.33978,"LPC 20:4","LPC",20813
"Pos","[M+H]+",1.557,542.32416,"LPC 20:5","LPC",20691
"Pos","[M+H]+",3.23,572.37115,"LPC 22:4","LPC",22815
"Pos","[M+H]+",2.311,570.35541,"LPC 22:5","LPC",22692
"Pos","[M+H]+",1.962,568.33978,"LPC 22:6","LPC",22557
"Pos","[M+H]+",11.88,664.52777,"PC O-12:0_16:0","EtherPC",29994
"Pos","[M+H]+",12.447,678.54266,"PC O-15:0_14:0","EtherPC",31195
"Pos","[M+H]+",11.873,688.5282,"PC O-14:1_16:1","EtherPC",32110
"Pos","[M+H]+",11.816,688.5282,"PC O-14:1_16:1","EtherPC",32111
"Pos","[M+H]+",11.997,690.54352,"PC O-16:0_14:1","EtherPC",32298
"Pos","[M+H]+",12.889,690.54333,"PC O-16:1_14:0","EtherPC",32296
"Pos","[M+H]+",13.078,692.55896,"PC O-16:0_14:0","EtherPC",32475
"Pos","[M+H]+",13.699,706.57465,"PC O-16:0_15:0","EtherPC",33735
"Pos","[M+H]+",13.5,706.57538,"PC O-16:0_15:0","EtherPC",33740
"Pos","[M+H]+",11.965,714.54364,"PC O-16:2_16:1","EtherPC",34420
"Pos","[M+H]+",12.185,716.5589,"PC O-16:1_16:1","EtherPC",34614
"Pos","[M+H]+",12.752,716.55853,"PC O-14:1_18:1","EtherPC",34612
"Pos","[M+H]+",12.995,716.5592,"PC O-16:1_16:1","EtherPC",34617
"Pos","[M+H]+",13.191,718.57465,"PC O-16:0_16:1","EtherPC",34799
"Pos","[M+H]+",14.211,718.57477,"PC O-16:1_16:0","EtherPC",34802
"Pos","[M+H]+",14.407,720.59033,"PC O-16:0_16:0","EtherPC",34998
"Pos","[M+H]+",14.482,720.59033,"PC O-16:0_16:0","EtherPC",34997
"Pos","[M+H]+",15.823,720.59052,"PC O-16:0_16:0","EtherPC",35000
"Pos","[M+H]+",13.573,730.57489,"PC O-16:1_17:1","EtherPC",35881
"Pos","[M+H]+",14.902,732.59033,"PC O-17:1_16:0","EtherPC",36076
"Pos","[M+H]+",14.663,732.59052,"PC O-17:1_16:0","EtherPC",36079
"Pos","[M+H]+",13.814,732.59039,"PC O-16:0_17:1","EtherPC",36078
"Pos","[M+H]+",15.134,734.60608,"PC O-17:0_16:0","EtherPC",36276
"Pos","[M+H]+",14.924,734.60626,"PC O-16:0_17:0","EtherPC",36277
"Pos","[M+H]+",12.455,742.57495,"PC O-16:0_18:3","EtherPC",37039
"Pos","[M+H]+",13.153,742.57538,"PC O-16:0_18:3","EtherPC",37040
"Pos","[M+H]+",14.287,744.59039,"PC O-16:1_18:1","EtherPC",37241
"Pos","[M+H]+",13.42,744.59021,"PC O-16:0_18:2","EtherPC",37239
"Pos","[M+H]+",13.272,744.59027,"PC O-18:1_16:1","EtherPC",37240
"Pos","[M+H]+",14.502,746.60577,"PC O-16:0_18:1","EtherPC",37438
"Pos","[M+H]+",14.611,746.60596,"PC O-16:0_18:1","EtherPC",37440
"Pos","[M+H]+",15.677,746.60614,"PC O-18:1_16:0","EtherPC",37442
"Pos","[M+H]+",15.957,748.62164,"PC O-18:0_16:0","EtherPC",37650
"Pos","[M+H]+",14.303,758.60583,"PC O-16:0_19:2","EtherPC",38548
"Pos","[M+H]+",13.968,758.60626,"PC O-18:1_17:1","EtherPC",38554
"Pos","[M+H]+",14.792,758.60614,"PC O-17:1_18:1","EtherPC",38550
"Pos","[M+H]+",14.98,758.6062,"PC O-17:1_18:1","EtherPC",38553
"Pos","[M+H]+",15.233,760.62164,"PC O-17:0_18:1","EtherPC",38767
"Pos","[M+H]+",16.744,762.63715,"PC O-19:0_16:0","EtherPC",38978
"Pos","[M+H]+",16.477,762.63702,"PC O-19:0_16:0","EtherPC",38977
"Pos","[M+H]+",12.026,764.55872,"PC O-16:1_20:5","EtherPC",39156
"Pos","[M+H]+",12.233,766.57465,"PC O-16:0_20:5","EtherPC",39322
"Pos","[M+H]+",12.907,766.57507,"PC O-16:1_20:4","EtherPC",39323
"Pos","[M+H]+",13.446,768.59009,"PC O-16:0_20:4","EtherPC",39496
"Pos","[M+H]+",13.101,768.59039,"PC O-16:0_20:4","EtherPC",39500
"Pos","[M+H]+",12.892,768.59052,"PC O-16:0_20:4","EtherPC",39501
"Pos","[M+H]+",13.847,768.58954,"PC O-16:0_20:4","EtherPC",39495
"Pos","[M+H]+",13.465,770.60565,"PC O-18:1_18:2","EtherPC",39692
"Pos","[M+H]+",14.344,770.6059,"PC O-18:2_18:1","EtherPC",39695
"Pos","[M+H]+",13.675,770.60571,"PC O-16:0_20:3","EtherPC",39693
"Pos","[M+H]+",14.58,772.6214,"PC O-18:1_18:1","EtherPC",39890
"Pos","[M+H]+",15.768,772.62164,"PC O-18:1_18:1","EtherPC",39891
"Pos","[M+H]+",16.038,774.63715,"PC O-18:0_18:1","EtherPC",40104
"Pos","[M+H]+",17.282,774.63763,"PC O-18:0_18:1","EtherPC",40105
"Pos","[M+H]+",17.649,776.65314,"PC O-20:0_16:0","EtherPC",40298
"Pos","[M+H]+",13.729,782.6051,"PC O-17:0_20:4","EtherPC",40873
"Pos","[M+H]+",14.366,784.62115,"PC O-18:1_19:2","EtherPC",41073
"Pos","[M+H]+",15.781,786.63782,"PC O-19:1_18:1","EtherPC",41278
"Pos","[M+H]+",15.471,786.63733,"PC O-19:1_18:1","EtherPC",41272
"Pos","[M+H]+",16.833,788.65314,"PC O-19:0_18:1","EtherPC",41498
"Pos","[M+H]+",12.097,790.57477,"PC O-18:2_20:5","EtherPC",41705
"Pos","[M+H]+",12.447,790.57458,"PC O-16:1_22:6","EtherPC",41704
"Pos","[M+H]+",12.671,792.59021,"PC O-16:0_22:6","EtherPC",41942
"Pos","[M+H]+",12.285,792.59058,"PC O-18:1_20:5","EtherPC",41943
"Pos","[M+H]+",12.893,792.59015,"PC O-18:2_20:4","EtherPC",41941
"Pos","[M+H]+",13.117,794.6059,"PC O-16:0_22:5","EtherPC",42123
"Pos","[M+H]+",13.441,794.60602,"PC O-18:0_20:5","EtherPC",42124
"Pos","[M+H]+",14.179,794.60614,"PC O-18:1_20:4","EtherPC",42125
"Pos","[M+H]+",13.806,794.60577,"PC O-16:1_22:4","EtherPC",42122
"Pos","[M+H]+",13.778,796.62134,"PC O-18:1_20:3","EtherPC",42326
"Pos","[M+H]+",14.431,796.62158,"PC O-18:0_20:4","EtherPC",42328
"Pos","[M+H]+",14.083,796.6214,"PC O-16:0_22:4","EtherPC",42327
"Pos","[M+H]+",14.849,796.62225,"PC O-18:0_20:4","EtherPC",42331
"Pos","[M+H]+",15.121,798.63739,"PC O-18:0_20:3","EtherPC",42530
"Pos","[M+H]+",15.754,798.63745,"PC O-18:2_20:1","EtherPC",42532
"Pos","[M+H]+",16.061,800.65289,"PC O-18:1_20:1","EtherPC",42731
"Pos","[M+H]+",16.294,800.65308,"PC O-16:0_22:2","EtherPC",42732
"Pos","[M+H]+",17.449,800.65344,"PC O-20:1_18:1","EtherPC",42734
"Pos","[M+H]+",17.365,800.65326,"PC O-16:0_22:2","EtherPC",42733
"Pos","[M+H]+",17.696,802.66864,"PC O-16:0_22:1","EtherPC",42928
"Pos","[M+H]+",19.35,804.68439,"PC O-22:0_16:0","EtherPC",43156
"Pos","[M+H]+",13.287,806.60614,"PC O-17:0_22:6","EtherPC",43342
"Pos","[M+H]+",12.523,816.59058,"PC O-18:2_22:6","EtherPC",44220
"Pos","[M+H]+",12.939,818.60602,"PC O-18:2_22:5","EtherPC",44418
"Pos","[M+H]+",12.735,818.60596,"PC O-18:1_22:6","EtherPC",44417
"Pos","[M+H]+",13.668,818.60553,"PC O-18:1_22:6","EtherPC",44416
"Pos","[M+H]+",13.161,820.6217,"PC O-18:1_22:5","EtherPC",44634
"Pos","[M+H]+",13.939,820.62158,"PC O-18:0_22:6","EtherPC",44633
"Pos","[M+H]+",14.148,820.62183,"PC O-18:1_22:5","EtherPC",44635
"Pos","[M+H]+",15.196,822.63849,"PC O-16:0_24:5","EtherPC",44818
"Pos","[M+H]+",14.399,822.63708,"PC O-18:0_22:5","EtherPC",44815
"Pos","[M+H]+",14.186,822.63721,"PC O-16:0_24:5","EtherPC",44816
"Pos","[M+H]+",15.284,824.65289,"PC O-16:0_24:4","EtherPC",45028
"Pos","[M+H]+",15.971,824.6535,"PC O-20:0_20:4","EtherPC",45029
"Pos","[M+H]+",15.506,824.65289,"PC O-18:0_22:4","EtherPC",45027
"Pos","[M+H]+",17.428,826.66913,"PC O-18:1_22:2","EtherPC",45224
"Pos","[M+H]+",16.709,826.66882,"PC O-16:2_24:1","EtherPC",45221
"Pos","[M+H]+",16.359,826.66882,"PC O-18:1_22:2","EtherPC",45222
"Pos","[M+H]+",16.425,826.66888,"PC O-18:1_22:2","EtherPC",45223
"Pos","[M+H]+",17.786,828.68427,"PC O-16:0_24:2","EtherPC",45439
"Pos","[M+H]+",17.88,828.6842,"PC O-18:0_22:2","EtherPC",45438
"Pos","[M+H]+",19.375,830.69995,"PC O-22:0_18:1","EtherPC",45663
"Pos","[M+H]+",13.985,846.63794,"PC O-24:6_18:1","EtherPC",47123
"Pos","[M+H]+",15.41,848.65302,"PC O-20:0_22:6","EtherPC",47325
"Pos","[M+H]+",14.251,848.65326,"PC O-18:1_24:5","EtherPC",47326
"Pos","[M+H]+",15.606,848.65332,"PC O-20:1_22:5","EtherPC",47327
"Pos","[M+H]+",15.927,850.66937,"PC O-20:0_22:5","EtherPC",47542
"Pos","[M+H]+",15.651,850.66864,"PC O-18:0_24:5","EtherPC",47541
"Pos","[M+H]+",3.925,508.37601,"LPC O-18:1","EtherLPC",18238
"Pos","[M+H]+",3.307,438.29785,"LPE P-16:0","EtherLPE",13278
"Pos","[M+H]+",4.503,452.31302,"LPE P-17:0","EtherLPE",14267
"Pos","[M+H]+",6.161,466.32913,"LPE P-18:0","EtherLPE",15221
"Pos","[M+H]+",3.724,464.31354,"LPE P-18:1","EtherLPE",15066
"Pos","[M+H]+",8.651,494.3605,"LPE P-20:0","EtherLPE",17251
"Pos","[M+H]+",9.268,508.37646,"LPE P-21:0","EtherLPE",18244
"Pos","[M+H]+",9.849,522.39154,"LPE P-22:0","EtherLPE",19252
